<?xml version="1.0" encoding="UTF-8"?>
<configuration>
    <!--
        CONSOLE ：表示当前的日志信息是可以输出到控制台的。
    -->
    <appender name="Console" class="ch.qos.logback.core.ConsoleAppender">
        <encoder>
            <pattern>[%level] %blue(%d{HH:mm:ss.SSS}) %cyan([%thread]) %boldGreen(%logger{15}) - %msg %n</pattern>
        </encoder>
    </appender>

    <logger name="com.hang" level="DEBUG" additivity="false">
        <appender-ref ref="Console"/>
    </logger>


    <!--

      level:用来设置打印级别，大小写无关：TRACE, DEBUG, INFO, WARN, ERROR, ALL 和 OFF
     ， 默认debug
      <root>可以包含零个或多个<appender-ref>元素，标识这个输出位置将会被本日志级别控制。
      -->
    <root level="INFO">
        <appender-ref ref="Console"/>
    </root>
</configuration>