<?xml version="1.0" encoding="UTF-8" ?>
<!DOCTYPE mapper
        PUBLIC "-//mybatis.org//DTD Mapper 3.0//EN"
        "http://mybatis.org/dtd/mybatis-3-mapper.dtd">
<mapper namespace="com.hang.mapper.SellerMapper">

    <select id="selectByStatusAndOrdered" resultType="Seller">
        SELECT * FROM seller
        <where>
            <!-- 处理三种情况：正常、禁用、全部 -->
            <if test="status != null and status != '全部'">
                status = #{status}
            </if>
        </where>
        ORDER BY credit_level
        <!-- 处理排序 -->
        <if test="ordered != null and ordered == '降序'">
            DESC
        </if>
        <if test="ordered != null and ordered == '升序'">
            ASC
        </if>
    </select>

</mapper>